{"chunk_definitions":[{"row":12,"row_count":1,"visible":true,"expansion_state":0,"options":{"engine":"r","label":"unnamed-chunk-2"},"document_id":"96C935BB","chunk_id":"ct2szy2afaktv","chunk_label":"unnamed-chunk-1"},{"row":20,"row_count":1,"visible":true,"expansion_state":0,"options":{"engine":"r","label":"unnamed-chunk-14"},"document_id":"96C935BB","chunk_id":"c4f70me0ra9jo","chunk_label":"unnamed-chunk-2"},{"row":28,"row_count":1,"visible":true,"expansion_state":0,"options":{"engine":"r","label":"unnamed-chunk-4"},"document_id":"96C935BB","chunk_id":"cupqul9ilbt4c","chunk_label":"unnamed-chunk-3"},{"row":38,"row_count":1,"visible":true,"expansion_state":0,"options":{"engine":"r","label":"unnamed-chunk-5"},"document_id":"96C935BB","chunk_id":"cz411b3xlj0z8","chunk_label":"unnamed-chunk-4"},{"row":44,"row_count":1,"visible":true,"expansion_state":0,"options":{"engine":"r","label":"unnamed-chunk-6"},"document_id":"96C935BB","chunk_id":"cv15olufxefpw","chunk_label":"unnamed-chunk-5"},{"row":51,"row_count":1,"visible":true,"expansion_state":0,"options":{"engine":"r","label":"unnamed-chunk-7"},"document_id":"96C935BB","chunk_id":"co24itqmiqsze","chunk_label":"unnamed-chunk-6"},{"row":57,"row_count":1,"visible":true,"expansion_state":0,"options":{"engine":"r","label":"unnamed-chunk-8"},"document_id":"96C935BB","chunk_id":"cdyeyqtatmycl","chunk_label":"unnamed-chunk-7"},{"row":61,"row_count":1,"visible":true,"expansion_state":0,"options":{"engine":"r","label":"unnamed-chunk-9"},"document_id":"96C935BB","chunk_id":"cb9clpubm8p2x","chunk_label":"unnamed-chunk-8"},{"row":66,"row_count":1,"visible":true,"expansion_state":0,"options":{"engine":"r","label":"unnamed-chunk-10"},"document_id":"96C935BB","chunk_id":"cuhsi2qjghvdr","chunk_label":"unnamed-chunk-9"},{"row":76,"row_count":1,"visible":true,"expansion_state":0,"options":{"engine":"r","label":"unnamed-chunk-11"},"document_id":"96C935BB","chunk_id":"cx8d60pw8nj71","chunk_label":"unnamed-chunk-10"},{"row":95,"row_count":1,"visible":true,"expansion_state":0,"options":{"engine":"r","label":"unnamed-chunk-16"},"document_id":"96C935BB","chunk_id":"cypm3aq7smk7f","chunk_label":"unnamed-chunk-11"},{"row":102,"row_count":1,"visible":true,"expansion_state":0,"options":{"engine":"r","label":"unnamed-chunk-21"},"document_id":"96C935BB","chunk_id":"cxx6bnu0mkill","chunk_label":"unnamed-chunk-12"},{"row":107,"row_count":1,"visible":true,"expansion_state":0,"options":{"engine":"r","label":"unnamed-chunk-18"},"document_id":"96C935BB","chunk_id":"c27zv0w8xl0p0","chunk_label":"unnamed-chunk-13"},{"row":111,"row_count":1,"visible":true,"expansion_state":0,"options":{"engine":"r","label":"unnamed-chunk-19"},"document_id":"96C935BB","chunk_id":"crp74zzhjj9a8","chunk_label":"unnamed-chunk-14"},{"row":114,"row_count":1,"visible":true,"expansion_state":0,"options":{"engine":"r","label":"unnamed-chunk-26"},"document_id":"96C935BB","chunk_id":"c9f9vp5kqtd0w","chunk_label":"unnamed-chunk-15"},{"row":125,"row_count":1,"visible":true,"expansion_state":0,"options":{"engine":"r","label":"unnamed-chunk-27"},"document_id":"96C935BB","chunk_id":"csa3dgzur7q47","chunk_label":"unnamed-chunk-16"},{"row":139,"row_count":1,"visible":true,"expansion_state":0,"options":{"engine":"r","label":"unnamed-chunk-28"},"document_id":"96C935BB","chunk_id":"c33wyuqn9sivx","chunk_label":"unnamed-chunk-17"},{"row":160,"row_count":1,"visible":true,"expansion_state":0,"options":{"engine":"r","label":"unnamed-chunk-29"},"document_id":"96C935BB","chunk_id":"copgx4rhscu8o","chunk_label":"unnamed-chunk-18"},{"row":179,"row_count":1,"visible":true,"expansion_state":0,"options":{"engine":"r","label":"unnamed-chunk-30"},"document_id":"96C935BB","chunk_id":"c4r2d5rupolm9","chunk_label":"unnamed-chunk-19"},{"row":211,"row_count":1,"visible":true,"expansion_state":0,"options":{"engine":"r","label":"unnamed-chunk-31"},"document_id":"96C935BB","chunk_id":"cklpo5s7ug9ko","chunk_label":"unnamed-chunk-20"},{"row":267,"row_count":1,"visible":true,"expansion_state":0,"options":{"engine":"r","label":"unnamed-chunk-32"},"document_id":"96C935BB","chunk_id":"cvxiz1t45bste","chunk_label":"unnamed-chunk-21"},{"row":315,"row_count":1,"visible":true,"expansion_state":0,"options":{"engine":"r","label":"unnamed-chunk-33"},"document_id":"96C935BB","chunk_id":"cxuezncqrk629","chunk_label":"unnamed-chunk-22"},{"row":321,"row_count":1,"visible":true,"expansion_state":0,"options":{"engine":"r","label":"unnamed-chunk-34"},"document_id":"96C935BB","chunk_id":"c2151pof2mkb0","chunk_label":"unnamed-chunk-23"},{"row":327,"row_count":1,"visible":true,"expansion_state":0,"options":{"engine":"r","label":"unnamed-chunk-35"},"document_id":"96C935BB","chunk_id":"c6t8nfl4roljf","chunk_label":"unnamed-chunk-24"},{"row":333,"row_count":1,"visible":true,"expansion_state":0,"options":{"engine":"r","label":"unnamed-chunk-36"},"document_id":"96C935BB","chunk_id":"crgnlbnnzljmd","chunk_label":"unnamed-chunk-25"},{"row":340,"row_count":1,"visible":true,"expansion_state":0,"options":{"engine":"r","label":"unnamed-chunk-37"},"document_id":"96C935BB","chunk_id":"ckfgz7it95pu6","chunk_label":"unnamed-chunk-26"},{"row":350,"row_count":1,"visible":true,"expansion_state":0,"options":{"engine":"r","label":"unnamed-chunk-38"},"document_id":"96C935BB","chunk_id":"cw1umti00qznm","chunk_label":"unnamed-chunk-27"}],"doc_write_time":1683002247}