"0","validitas <- function(variabel,jumlah,alpha) {"
"0","p <- ncol(variabel)"
"0","n <- nrow(variabel)"
"0","y <- matrix(,nrow=p,ncol=1)"
"0","for (i in 1:p) {"
"0","y[i,] <- cor(variabel[,i],jumlah)"
"0","}"
"0","y <- as.data.frame(y)"
"0","rtabel <- qt(1-alpha/2,n)/sqrt((n)+(qt(1-alpha/2,n))^2)"
"0","rtabel <- as.data.frame(rep(rtabel,p))"
"0","hasil1 <- cbind(y,rtabel)"
"0","hasil2 <- ifelse(hasil1[,1]>=hasil1[,2],""Item Valid"",""Item Tidak Valid"")"
"0","hasil <- cbind(hasil1,hasil2)"
"0","colnames(hasil) <- c(""r hitung"",""r tabel"",""Hasil Uji"")"
"0","print(hasil)"
"0","}"
