{"chunk_definitions":[{"row":12,"row_count":1,"visible":true,"expansion_state":0,"options":{"engine":"r","label":"unnamed-chunk-1"},"document_id":"96C935BB","chunk_id":"ct2szy2afaktv","chunk_label":"unnamed-chunk-1"},{"row":20,"row_count":1,"visible":true,"expansion_state":0,"options":{"engine":"r","label":"unnamed-chunk-5"},"document_id":"96C935BB","chunk_id":"c4f70me0ra9jo","chunk_label":"unnamed-chunk-2"},{"row":28,"row_count":1,"visible":true,"expansion_state":0,"options":{"engine":"r","label":"unnamed-chunk-24"},"document_id":"96C935BB","chunk_id":"cupqul9ilbt4c","chunk_label":"unnamed-chunk-3"},{"row":38,"row_count":1,"visible":true,"expansion_state":0,"options":{"engine":"r","label":"unnamed-chunk-7"},"document_id":"96C935BB","chunk_id":"cz411b3xlj0z8","chunk_label":"unnamed-chunk-4"},{"row":44,"row_count":1,"visible":true,"expansion_state":0,"options":{"engine":"r","label":"unnamed-chunk-9"},"document_id":"96C935BB","chunk_id":"cv15olufxefpw","chunk_label":"unnamed-chunk-5"},{"row":51,"row_count":1,"visible":true,"expansion_state":0,"options":{"engine":"r","label":"unnamed-chunk-13"},"document_id":"96C935BB","chunk_id":"co24itqmiqsze","chunk_label":"unnamed-chunk-6"},{"row":57,"row_count":1,"visible":true,"expansion_state":0,"options":{"engine":"r","label":"unnamed-chunk-14"},"document_id":"96C935BB","chunk_id":"cdyeyqtatmycl","chunk_label":"unnamed-chunk-7"},{"row":61,"row_count":1,"visible":true,"expansion_state":0,"options":{"engine":"r","label":"unnamed-chunk-15"},"document_id":"96C935BB","chunk_id":"cb9clpubm8p2x","chunk_label":"unnamed-chunk-8"},{"row":66,"row_count":1,"visible":true,"expansion_state":0,"options":{"engine":"r","label":"unnamed-chunk-16"},"document_id":"96C935BB","chunk_id":"cuhsi2qjghvdr","chunk_label":"unnamed-chunk-9"},{"row":76,"row_count":1,"visible":true,"expansion_state":0,"options":{"engine":"r","label":"unnamed-chunk-17"},"document_id":"96C935BB","chunk_id":"cx8d60pw8nj71","chunk_label":"unnamed-chunk-10"},{"row":95,"row_count":1,"visible":true,"expansion_state":0,"options":{},"document_id":"96C935BB","chunk_id":"cqeqyyvizjlna","chunk_label":"unnamed-chunk-11"},{"row":102,"row_count":1,"visible":true,"expansion_state":0,"options":{"engine":"r","label":"unnamed-chunk-20"},"document_id":"96C935BB","chunk_id":"cxx6bnu0mkill","chunk_label":"unnamed-chunk-12"},{"row":107,"row_count":1,"visible":true,"expansion_state":0,"options":{"engine":"r","label":"unnamed-chunk-21"},"document_id":"96C935BB","chunk_id":"c27zv0w8xl0p0","chunk_label":"unnamed-chunk-13"},{"row":111,"row_count":1,"visible":true,"expansion_state":0,"options":{"engine":"r","label":"unnamed-chunk-25"},"document_id":"96C935BB","chunk_id":"crp74zzhjj9a8","chunk_label":"unnamed-chunk-14"}],"doc_write_time":1682780864}